Nama,Skor_Kepentingan,Tipe
men's singles,21.994999999999866,Cabor
ladies' singles,21.888749999999867,Cabor
ice dance,18.4462499999999,Cabor
pair skating,15.938749999999926,Cabor
United States,8.947499999999994,Lokasi
Japan,8.3525,Lokasi
France,8.309999999999999,Lokasi
Canada,8.11875,Lokasi
Race stage,7.736250000000004,Cabor
Russia,7.608750000000005,Lokasi